id	pageId	family	stabilization	tool	scenario	width	height	scale	left	top	themeArgb
marker-s0-unknown-brush	6e73af6c-2b69-3501-98d3-a5db976bc37b	marker	0	unknown	brush	480	640	2.0	0.0	0.0	-16749727
marker-s0-mouse-brush	c08be4f1-7f18-38ba-8d14-7604b684dd2c	marker	0	mouse	brush	480	640	2.0	0.0	0.0	-16749727
marker-s0-touch-brush	25a92bb4-ee6d-3cfd-b213-3e4ae6a316c7	marker	0	touch	brush	480	640	2.0	0.0	0.0	-16749727
marker-s0-stylus-brush	87e1fca7-d23b-3848-b3ed-8ec6d26989f9	marker	0	stylus	brush	480	640	2.0	0.0	0.0	-16749727
marker-s1-unknown-brush	437164b5-f48e-38a4-8305-1a77b4d868af	marker	1	unknown	brush	480	640	2.0	0.0	0.0	-16749727
marker-s1-mouse-brush	19f8a09c-b834-3fde-bc00-f09153ada53e	marker	1	mouse	brush	480	640	2.0	0.0	0.0	-16749727
marker-s1-touch-brush	d0ad81ee-7bb1-37ec-9cfa-f7e0d1f3b543	marker	1	touch	brush	480	640	2.0	0.0	0.0	-16749727
marker-s1-stylus-brush	cc9a72b7-bba8-319b-b294-4e94aa3c2b49	marker	1	stylus	brush	480	640	2.0	0.0	0.0	-16749727
marker-s2-unknown-brush	86caa4a7-a9c9-3d56-b2a6-60adbc8d722e	marker	2	unknown	brush	480	640	2.0	0.0	0.0	-16749727
marker-s2-mouse-brush	7fa266c3-b287-3739-90b4-c2c884f55635	marker	2	mouse	brush	480	640	2.0	0.0	0.0	-16749727
marker-s2-touch-brush	94035650-e900-3851-aef9-56a5a2f2198a	marker	2	touch	brush	480	640	2.0	0.0	0.0	-16749727
marker-s2-stylus-brush	c01920d1-15c7-3fe2-9200-f4f78c7c4d4b	marker	2	stylus	brush	480	640	2.0	0.0	0.0	-16749727
marker-s3-unknown-brush	cd062314-b4d8-341b-897b-a771fa7b63fa	marker	3	unknown	brush	480	640	2.0	0.0	0.0	-16749727
marker-s3-mouse-brush	86d89e23-53d2-3886-98d8-2231c6d12ef9	marker	3	mouse	brush	480	640	2.0	0.0	0.0	-16749727
marker-s3-touch-brush	1c28a83e-a791-398c-9a9b-9434a87ecaf9	marker	3	touch	brush	480	640	2.0	0.0	0.0	-16749727
marker-s3-stylus-brush	860cf810-ceea-3c48-a153-b344f6c87083	marker	3	stylus	brush	480	640	2.0	0.0	0.0	-16749727
marker-s4-unknown-brush	903244f0-d902-3b0d-8992-c3220713e14d	marker	4	unknown	brush	480	640	2.0	0.0	0.0	-16749727
marker-s4-mouse-brush	748addb9-a3dc-3bd1-9f68-f023c471d5e4	marker	4	mouse	brush	480	640	2.0	0.0	0.0	-16749727
marker-s4-touch-brush	80ff4b9d-a3bb-3bec-a1de-39159b91e5d8	marker	4	touch	brush	480	640	2.0	0.0	0.0	-16749727
marker-s4-stylus-brush	3614c4bd-b96f-37a5-ae3f-4c97cab9d063	marker	4	stylus	brush	480	640	2.0	0.0	0.0	-16749727
marker-s5-unknown-brush	5a8d8c73-2b6b-352b-b03e-64a147f90fed	marker	5	unknown	brush	480	640	2.0	0.0	0.0	-16749727
marker-s5-mouse-brush	f5fe2afe-1c37-3bdb-ae5f-5a167d14fb96	marker	5	mouse	brush	480	640	2.0	0.0	0.0	-16749727
marker-s5-touch-brush	e2159942-866c-333a-b9fc-61487df64605	marker	5	touch	brush	480	640	2.0	0.0	0.0	-16749727
marker-s5-stylus-brush	e3830ffb-2aa7-3907-8f74-ecb53d320920	marker	5	stylus	brush	480	640	2.0	0.0	0.0	-16749727
marker-s3-unknown-operations	a881ca61-4ff0-3124-9a80-418d0c240eaa	marker	3	unknown	operations	480	640	2.0	0.0	0.0	-16749727
marker-s3-mouse-operations	adba22ab-c2cd-3196-a1fc-3eccfd70024d	marker	3	mouse	operations	480	640	2.0	0.0	0.0	-16749727
marker-s3-touch-operations	0d9d65ff-385b-39ae-afd5-997b8a47a666	marker	3	touch	operations	480	640	2.0	0.0	0.0	-16749727
marker-s3-stylus-operations	92303758-b6b3-37e1-ac41-bb85b7c9293b	marker	3	stylus	operations	480	640	2.0	0.0	0.0	-16749727
dashed-line-s0-unknown-brush	db88aebc-e370-31ba-8dbe-f09acab533e0	dashed-line	0	unknown	brush	480	640	2.0	0.0	0.0	-16749727
dashed-line-s0-mouse-brush	8190426f-6449-30c8-a32d-cb04b6bb4897	dashed-line	0	mouse	brush	480	640	2.0	0.0	0.0	-16749727
dashed-line-s0-touch-brush	ae8ff27b-3cc2-3c8e-8c41-446b9f086f74	dashed-line	0	touch	brush	480	640	2.0	0.0	0.0	-16749727
dashed-line-s0-stylus-brush	53a04020-6c66-3b1a-b739-dc42df861b68	dashed-line	0	stylus	brush	480	640	2.0	0.0	0.0	-16749727
dashed-line-s1-unknown-brush	c7e34443-7760-3b5a-9127-d2c2cf26606b	dashed-line	1	unknown	brush	480	640	2.0	0.0	0.0	-16749727
dashed-line-s1-mouse-brush	147bd74c-32bc-3c7e-9312-4128a787d210	dashed-line	1	mouse	brush	480	640	2.0	0.0	0.0	-16749727
dashed-line-s1-touch-brush	2efd25a4-40d6-3b45-8341-70e582785e49	dashed-line	1	touch	brush	480	640	2.0	0.0	0.0	-16749727
dashed-line-s1-stylus-brush	801a877f-bf35-30be-895f-4248263b20e5	dashed-line	1	stylus	brush	480	640	2.0	0.0	0.0	-16749727
dashed-line-s2-unknown-brush	31538478-7c52-3780-99aa-8b15f19d0112	dashed-line	2	unknown	brush	480	640	2.0	0.0	0.0	-16749727
dashed-line-s2-mouse-brush	5e5ac284-cc05-34fe-aece-5a19b6387ae5	dashed-line	2	mouse	brush	480	640	2.0	0.0	0.0	-16749727
dashed-line-s2-touch-brush	2ad32632-01c4-3f42-ae8b-e2c71b879d0f	dashed-line	2	touch	brush	480	640	2.0	0.0	0.0	-16749727
dashed-line-s2-stylus-brush	1fa96bf0-6355-34e8-a6f8-ea600299514f	dashed-line	2	stylus	brush	480	640	2.0	0.0	0.0	-16749727
dashed-line-s3-unknown-brush	c3c6562c-1f8e-3d4a-b97b-f9824dc1f6b7	dashed-line	3	unknown	brush	480	640	2.0	0.0	0.0	-16749727
dashed-line-s3-mouse-brush	8ccc99f4-8d6e-3352-bfc4-55f91bba4dce	dashed-line	3	mouse	brush	480	640	2.0	0.0	0.0	-16749727
dashed-line-s3-touch-brush	9186c114-585b-3992-adb4-06cc4e02744a	dashed-line	3	touch	brush	480	640	2.0	0.0	0.0	-16749727
dashed-line-s3-stylus-brush	e187f814-5e99-337f-b2d2-913c5881b809	dashed-line	3	stylus	brush	480	640	2.0	0.0	0.0	-16749727
dashed-line-s4-unknown-brush	3a42d066-e2b0-30c6-904f-30c5b0a13b62	dashed-line	4	unknown	brush	480	640	2.0	0.0	0.0	-16749727
dashed-line-s4-mouse-brush	e2278614-0224-32d5-b7f6-9a1584cdd69b	dashed-line	4	mouse	brush	480	640	2.0	0.0	0.0	-16749727
dashed-line-s4-touch-brush	606b24c6-38e6-3d2b-997f-acecc13068a9	dashed-line	4	touch	brush	480	640	2.0	0.0	0.0	-16749727
dashed-line-s4-stylus-brush	6c17fa9c-b2f3-3ac8-b3a9-63a8ed341703	dashed-line	4	stylus	brush	480	640	2.0	0.0	0.0	-16749727
dashed-line-s5-unknown-brush	52850508-22be-3d82-ac98-e32738ca6ce6	dashed-line	5	unknown	brush	480	640	2.0	0.0	0.0	-16749727
dashed-line-s5-mouse-brush	074bc2a7-3b26-3baa-a4f8-77330ff54269	dashed-line	5	mouse	brush	480	640	2.0	0.0	0.0	-16749727
dashed-line-s5-touch-brush	e8a9fb81-d3bc-39a4-8b94-77e2926188c6	dashed-line	5	touch	brush	480	640	2.0	0.0	0.0	-16749727
dashed-line-s5-stylus-brush	8e766ab6-e5c0-38c5-b844-c5ff32055d04	dashed-line	5	stylus	brush	480	640	2.0	0.0	0.0	-16749727
dashed-line-s3-unknown-operations	9bc1eadc-0c7e-3a1e-a6e0-3107352e823e	dashed-line	3	unknown	operations	480	640	2.0	0.0	0.0	-16749727
dashed-line-s3-mouse-operations	0618e438-fde3-366d-af06-b4c1756dd495	dashed-line	3	mouse	operations	480	640	2.0	0.0	0.0	-16749727
dashed-line-s3-touch-operations	bfa85827-79ee-3372-819c-e29c94ad5425	dashed-line	3	touch	operations	480	640	2.0	0.0	0.0	-16749727
dashed-line-s3-stylus-operations	4e0719b6-e79b-3688-875c-4fc4bd03e574	dashed-line	3	stylus	operations	480	640	2.0	0.0	0.0	-16749727
highlighter-s0-unknown-brush	96ba6272-8b42-35ba-b62e-37b7eb798c66	highlighter	0	unknown	brush	480	640	2.0	0.0	0.0	-16749727
highlighter-s0-mouse-brush	3afc45eb-38d0-3d9c-83e1-c9041c8a9177	highlighter	0	mouse	brush	480	640	2.0	0.0	0.0	-16749727
highlighter-s0-touch-brush	1ed95057-753d-31b6-952a-4750190c5d43	highlighter	0	touch	brush	480	640	2.0	0.0	0.0	-16749727
highlighter-s0-stylus-brush	b1f10350-21ec-39f7-ac62-4228b3a590ad	highlighter	0	stylus	brush	480	640	2.0	0.0	0.0	-16749727
highlighter-s1-unknown-brush	ec741d20-2a33-3bb3-b481-0f71bd3f528b	highlighter	1	unknown	brush	480	640	2.0	0.0	0.0	-16749727
highlighter-s1-mouse-brush	f179658e-de87-3770-b16a-53745aa1f0b8	highlighter	1	mouse	brush	480	640	2.0	0.0	0.0	-16749727
highlighter-s1-touch-brush	e99c80e8-0dcc-3225-b5b7-42a9b62776f2	highlighter	1	touch	brush	480	640	2.0	0.0	0.0	-16749727
highlighter-s1-stylus-brush	cb1e7761-3b90-3d17-9cc2-bbd7df08a7ae	highlighter	1	stylus	brush	480	640	2.0	0.0	0.0	-16749727
highlighter-s2-unknown-brush	1b16f75e-0013-384d-8922-e75597fed550	highlighter	2	unknown	brush	480	640	2.0	0.0	0.0	-16749727
highlighter-s2-mouse-brush	7d658267-f466-377f-9c9e-76e3bd585714	highlighter	2	mouse	brush	480	640	2.0	0.0	0.0	-16749727
highlighter-s2-touch-brush	949cc4e6-639e-303d-b6ac-2d3259cc1f60	highlighter	2	touch	brush	480	640	2.0	0.0	0.0	-16749727
highlighter-s2-stylus-brush	3d59dc14-c7ac-3b63-983b-c9a6d694b42b	highlighter	2	stylus	brush	480	640	2.0	0.0	0.0	-16749727
highlighter-s3-unknown-brush	a7ffa4e5-2343-3a6b-aade-3dfe71a04baa	highlighter	3	unknown	brush	480	640	2.0	0.0	0.0	-16749727
highlighter-s3-mouse-brush	9309e7eb-539f-3fe6-8436-b00581d9daf8	highlighter	3	mouse	brush	480	640	2.0	0.0	0.0	-16749727
highlighter-s3-touch-brush	9f0c1e98-6050-30af-b428-111e2e40ef29	highlighter	3	touch	brush	480	640	2.0	0.0	0.0	-16749727
highlighter-s3-stylus-brush	1088e0b0-b16d-3c29-8112-4342d1fd6d19	highlighter	3	stylus	brush	480	640	2.0	0.0	0.0	-16749727
highlighter-s4-unknown-brush	e0be76aa-c515-36a5-8f7f-5409c28d4329	highlighter	4	unknown	brush	480	640	2.0	0.0	0.0	-16749727
highlighter-s4-mouse-brush	dd26dfc9-fb90-34d8-a062-85679e737238	highlighter	4	mouse	brush	480	640	2.0	0.0	0.0	-16749727
highlighter-s4-touch-brush	39430746-64fd-37e2-9090-d759966ff089	highlighter	4	touch	brush	480	640	2.0	0.0	0.0	-16749727
highlighter-s4-stylus-brush	942c8a27-fc23-340a-a8df-e3c061f829ce	highlighter	4	stylus	brush	480	640	2.0	0.0	0.0	-16749727
highlighter-s5-unknown-brush	aba5f6b6-666d-37af-9572-c8bbeb47719e	highlighter	5	unknown	brush	480	640	2.0	0.0	0.0	-16749727
highlighter-s5-mouse-brush	b4db9856-1fe4-33ec-90aa-3bf75faa0a46	highlighter	5	mouse	brush	480	640	2.0	0.0	0.0	-16749727
highlighter-s5-touch-brush	cc942461-f668-351e-88b7-310e8bf08e9f	highlighter	5	touch	brush	480	640	2.0	0.0	0.0	-16749727
highlighter-s5-stylus-brush	77f928bb-9fe3-31e9-b22a-621153f66462	highlighter	5	stylus	brush	480	640	2.0	0.0	0.0	-16749727
highlighter-s3-unknown-operations	9b7b143d-bfac-3060-b1c6-1f74b6d2e77b	highlighter	3	unknown	operations	480	640	2.0	0.0	0.0	-16749727
highlighter-s3-mouse-operations	56f811bf-a9df-3520-93ec-c9dce28fc04e	highlighter	3	mouse	operations	480	640	2.0	0.0	0.0	-16749727
highlighter-s3-touch-operations	f3ebb601-af1d-3052-ad5e-28f5056974e1	highlighter	3	touch	operations	480	640	2.0	0.0	0.0	-16749727
highlighter-s3-stylus-operations	218bc32e-456f-3592-a75b-abe827d0e283	highlighter	3	stylus	operations	480	640	2.0	0.0	0.0	-16749727
pressure-pen-s0-unknown-brush	c5aafe42-d5ff-31d4-bfb4-067fbf95dd6e	pressure-pen	0	unknown	brush	480	640	2.0	0.0	0.0	-16749727
pressure-pen-s0-mouse-brush	8ccd7ca9-e5c8-34d6-90c3-955ebc01492c	pressure-pen	0	mouse	brush	480	640	2.0	0.0	0.0	-16749727
pressure-pen-s0-touch-brush	bf4771fb-89c4-3bce-8399-b5b46fd8f041	pressure-pen	0	touch	brush	480	640	2.0	0.0	0.0	-16749727
pressure-pen-s0-stylus-brush	aac80aef-ceac-302d-8f74-e1be7adcc051	pressure-pen	0	stylus	brush	480	640	2.0	0.0	0.0	-16749727
pressure-pen-s1-unknown-brush	fd54e56e-d7d4-32ba-9af2-b1b978dcc82d	pressure-pen	1	unknown	brush	480	640	2.0	0.0	0.0	-16749727
pressure-pen-s1-mouse-brush	bf10b214-ae4e-34db-ba18-77db54430b9d	pressure-pen	1	mouse	brush	480	640	2.0	0.0	0.0	-16749727
pressure-pen-s1-touch-brush	3c66e5cb-ae82-3e5d-809a-599819dc101a	pressure-pen	1	touch	brush	480	640	2.0	0.0	0.0	-16749727
pressure-pen-s1-stylus-brush	0d8ed64b-d714-36ff-94b8-f3d570712ca3	pressure-pen	1	stylus	brush	480	640	2.0	0.0	0.0	-16749727
pressure-pen-s2-unknown-brush	69c9d930-4fc3-31ca-ae4e-2434816f758d	pressure-pen	2	unknown	brush	480	640	2.0	0.0	0.0	-16749727
pressure-pen-s2-mouse-brush	3a54516d-7f67-3a01-a992-b76c3d3be242	pressure-pen	2	mouse	brush	480	640	2.0	0.0	0.0	-16749727
pressure-pen-s2-touch-brush	73ece9a1-0a0b-381c-a2ab-46cdb81f9ca4	pressure-pen	2	touch	brush	480	640	2.0	0.0	0.0	-16749727
pressure-pen-s2-stylus-brush	d36fe427-e64a-3b88-87bc-41129f2855aa	pressure-pen	2	stylus	brush	480	640	2.0	0.0	0.0	-16749727
pressure-pen-s3-unknown-brush	44f40193-24ef-3d72-ba8d-40ecf80fa259	pressure-pen	3	unknown	brush	480	640	2.0	0.0	0.0	-16749727
pressure-pen-s3-mouse-brush	ac567be4-db98-3706-bad7-22dba764f6d3	pressure-pen	3	mouse	brush	480	640	2.0	0.0	0.0	-16749727
pressure-pen-s3-touch-brush	3a7f8a00-e639-3b4c-86ad-5b7917917015	pressure-pen	3	touch	brush	480	640	2.0	0.0	0.0	-16749727
pressure-pen-s3-stylus-brush	521641b2-d0ca-32d6-b0be-21e7b8dec45a	pressure-pen	3	stylus	brush	480	640	2.0	0.0	0.0	-16749727
pressure-pen-s4-unknown-brush	d5c9ed7f-3105-395d-8f25-eadf254c99d2	pressure-pen	4	unknown	brush	480	640	2.0	0.0	0.0	-16749727
pressure-pen-s4-mouse-brush	00742106-68b8-3bec-aea1-10ea3f48d8aa	pressure-pen	4	mouse	brush	480	640	2.0	0.0	0.0	-16749727
pressure-pen-s4-touch-brush	6c8e4493-ec1b-3313-bf14-a13cd63b89cf	pressure-pen	4	touch	brush	480	640	2.0	0.0	0.0	-16749727
pressure-pen-s4-stylus-brush	47392328-d1e2-3b45-8121-5c3efd186bd4	pressure-pen	4	stylus	brush	480	640	2.0	0.0	0.0	-16749727
pressure-pen-s5-unknown-brush	491e6ed2-5b04-38b3-9f7a-4800403eb902	pressure-pen	5	unknown	brush	480	640	2.0	0.0	0.0	-16749727
pressure-pen-s5-mouse-brush	c7853865-9c12-3a4d-98f1-73ccabb4c814	pressure-pen	5	mouse	brush	480	640	2.0	0.0	0.0	-16749727
pressure-pen-s5-touch-brush	f1029eeb-a52f-37d4-a37a-afa7292397d1	pressure-pen	5	touch	brush	480	640	2.0	0.0	0.0	-16749727
pressure-pen-s5-stylus-brush	9db01b90-b371-3547-a435-f06400d1f74d	pressure-pen	5	stylus	brush	480	640	2.0	0.0	0.0	-16749727
pressure-pen-s3-unknown-operations	4f72821d-0697-3293-9931-9f86f82de42f	pressure-pen	3	unknown	operations	480	640	2.0	0.0	0.0	-16749727
pressure-pen-s3-mouse-operations	adb1b100-8872-3add-95ae-48347ce82407	pressure-pen	3	mouse	operations	480	640	2.0	0.0	0.0	-16749727
pressure-pen-s3-touch-operations	5a6f6af6-2073-3768-8139-0294dc26a709	pressure-pen	3	touch	operations	480	640	2.0	0.0	0.0	-16749727
pressure-pen-s3-stylus-operations	f4dd0fb0-1685-3098-8ccf-8b6a0a3688b6	pressure-pen	3	stylus	operations	480	640	2.0	0.0	0.0	-16749727
calligraphy-v1-p0-s0-unknown-brush	f907373d-a22b-3eb4-80be-99f06c62c9cc	calligraphy-v1-p0	0	unknown	brush	480	640	2.0	0.0	0.0	-16749727
calligraphy-v1-p0-s0-mouse-brush	d9127a68-9acc-3dde-a82f-0653ea287cc7	calligraphy-v1-p0	0	mouse	brush	480	640	2.0	0.0	0.0	-16749727
calligraphy-v1-p0-s0-touch-brush	82433713-bd1d-3f7f-afc7-baf16825022e	calligraphy-v1-p0	0	touch	brush	480	640	2.0	0.0	0.0	-16749727
calligraphy-v1-p0-s0-stylus-brush	a1da8aba-fb2e-37b9-a87f-82a0c824bfe9	calligraphy-v1-p0	0	stylus	brush	480	640	2.0	0.0	0.0	-16749727
calligraphy-v1-p0-s1-unknown-brush	e6e2dac3-fd3e-3ab6-b6b9-244071ed4052	calligraphy-v1-p0	1	unknown	brush	480	640	2.0	0.0	0.0	-16749727
calligraphy-v1-p0-s1-mouse-brush	6dcf7271-b6df-39e2-989e-065246b820fa	calligraphy-v1-p0	1	mouse	brush	480	640	2.0	0.0	0.0	-16749727
calligraphy-v1-p0-s1-touch-brush	07bc7aad-5ca8-39f7-913f-6d18b51bf9e1	calligraphy-v1-p0	1	touch	brush	480	640	2.0	0.0	0.0	-16749727
calligraphy-v1-p0-s1-stylus-brush	20c528bb-cc6c-34ec-86b9-58dabb0163eb	calligraphy-v1-p0	1	stylus	brush	480	640	2.0	0.0	0.0	-16749727
calligraphy-v1-p0-s2-unknown-brush	2c27ea6f-ec9e-3181-9db8-e585b96cb58d	calligraphy-v1-p0	2	unknown	brush	480	640	2.0	0.0	0.0	-16749727
calligraphy-v1-p0-s2-mouse-brush	acebeed1-2083-3e69-a7ca-f42013aa7095	calligraphy-v1-p0	2	mouse	brush	480	640	2.0	0.0	0.0	-16749727
calligraphy-v1-p0-s2-touch-brush	e05e0378-bf26-3505-86f6-4f247924ff29	calligraphy-v1-p0	2	touch	brush	480	640	2.0	0.0	0.0	-16749727
calligraphy-v1-p0-s2-stylus-brush	d7dc937c-5201-3da1-a63c-378db06a700f	calligraphy-v1-p0	2	stylus	brush	480	640	2.0	0.0	0.0	-16749727
calligraphy-v1-p0-s3-unknown-brush	59b7ffa9-43bc-327a-839b-760aa26b7f97	calligraphy-v1-p0	3	unknown	brush	480	640	2.0	0.0	0.0	-16749727
calligraphy-v1-p0-s3-mouse-brush	1d856019-6781-3e0e-afbf-d051ce603f17	calligraphy-v1-p0	3	mouse	brush	480	640	2.0	0.0	0.0	-16749727
calligraphy-v1-p0-s3-touch-brush	d7ac5d78-ea72-3009-a9b7-3ce8495c7130	calligraphy-v1-p0	3	touch	brush	480	640	2.0	0.0	0.0	-16749727
calligraphy-v1-p0-s3-stylus-brush	a30bf0e5-c9ae-371d-ab0e-56efe78fee16	calligraphy-v1-p0	3	stylus	brush	480	640	2.0	0.0	0.0	-16749727
calligraphy-v1-p0-s4-unknown-brush	6a49a9a8-3cdb-3996-95d8-17b2eaa82509	calligraphy-v1-p0	4	unknown	brush	480	640	2.0	0.0	0.0	-16749727
calligraphy-v1-p0-s4-mouse-brush	e8aa7bbf-5f4d-34f7-b981-8a310c48dd39	calligraphy-v1-p0	4	mouse	brush	480	640	2.0	0.0	0.0	-16749727
calligraphy-v1-p0-s4-touch-brush	03baf27f-2849-33f4-af3f-1436883a6d3d	calligraphy-v1-p0	4	touch	brush	480	640	2.0	0.0	0.0	-16749727
calligraphy-v1-p0-s4-stylus-brush	1ae8728b-19a9-30ae-b145-b2683d4790a4	calligraphy-v1-p0	4	stylus	brush	480	640	2.0	0.0	0.0	-16749727
calligraphy-v1-p0-s5-unknown-brush	ab67c8b9-7e9a-3011-8ad9-1a2eb4b39a79	calligraphy-v1-p0	5	unknown	brush	480	640	2.0	0.0	0.0	-16749727
calligraphy-v1-p0-s5-mouse-brush	5428704c-42b1-3380-8ea0-3ed8bce3f349	calligraphy-v1-p0	5	mouse	brush	480	640	2.0	0.0	0.0	-16749727
calligraphy-v1-p0-s5-touch-brush	3f127e23-0c59-37ef-951d-bed5dbd58831	calligraphy-v1-p0	5	touch	brush	480	640	2.0	0.0	0.0	-16749727
calligraphy-v1-p0-s5-stylus-brush	b8557494-4c81-3204-a822-beb881d1f9e5	calligraphy-v1-p0	5	stylus	brush	480	640	2.0	0.0	0.0	-16749727
calligraphy-v1-p0-s3-unknown-operations	77aa7ff6-a305-39cd-98ad-1465070a50eb	calligraphy-v1-p0	3	unknown	operations	480	640	2.0	0.0	0.0	-16749727
calligraphy-v1-p0-s3-mouse-operations	6a8d83fe-83f4-335b-84a8-7582fa3fa8da	calligraphy-v1-p0	3	mouse	operations	480	640	2.0	0.0	0.0	-16749727
calligraphy-v1-p0-s3-touch-operations	aa439472-1a81-3398-bcb6-e6a4172fd442	calligraphy-v1-p0	3	touch	operations	480	640	2.0	0.0	0.0	-16749727
calligraphy-v1-p0-s3-stylus-operations	1fad3d23-542d-3974-b098-4ee59abaac71	calligraphy-v1-p0	3	stylus	operations	480	640	2.0	0.0	0.0	-16749727
calligraphy-v1-p1-s0-unknown-brush	c86f3045-209f-3953-8389-2b5e6dbafeb6	calligraphy-v1-p1	0	unknown	brush	480	640	2.0	0.0	0.0	-16749727
calligraphy-v1-p1-s0-mouse-brush	4ef254b0-6779-3b55-96aa-0821c1820042	calligraphy-v1-p1	0	mouse	brush	480	640	2.0	0.0	0.0	-16749727
calligraphy-v1-p1-s0-touch-brush	5627d859-e565-358c-a6be-7cf16e1a4c60	calligraphy-v1-p1	0	touch	brush	480	640	2.0	0.0	0.0	-16749727
calligraphy-v1-p1-s0-stylus-brush	34c76a96-8470-3e2e-aff7-d93bca2a2546	calligraphy-v1-p1	0	stylus	brush	480	640	2.0	0.0	0.0	-16749727
calligraphy-v1-p1-s1-unknown-brush	9276455c-87b4-331b-a559-f84a51a65d11	calligraphy-v1-p1	1	unknown	brush	480	640	2.0	0.0	0.0	-16749727
calligraphy-v1-p1-s1-mouse-brush	611ce4b8-2088-3a74-aecc-7aabbf9c50c7	calligraphy-v1-p1	1	mouse	brush	480	640	2.0	0.0	0.0	-16749727
calligraphy-v1-p1-s1-touch-brush	c36e36d5-7077-3477-8d24-eb38f8a29e5e	calligraphy-v1-p1	1	touch	brush	480	640	2.0	0.0	0.0	-16749727
calligraphy-v1-p1-s1-stylus-brush	aadb3a87-4a7b-39e1-ab43-e2444f44d139	calligraphy-v1-p1	1	stylus	brush	480	640	2.0	0.0	0.0	-16749727
calligraphy-v1-p1-s2-unknown-brush	fb001653-3b86-3090-a113-c238a9fbdfff	calligraphy-v1-p1	2	unknown	brush	480	640	2.0	0.0	0.0	-16749727
calligraphy-v1-p1-s2-mouse-brush	42e1cd22-0e92-3ff6-959e-b52245c7ec12	calligraphy-v1-p1	2	mouse	brush	480	640	2.0	0.0	0.0	-16749727
calligraphy-v1-p1-s2-touch-brush	5e26816b-5dfd-392a-962b-0035f0b4a3b1	calligraphy-v1-p1	2	touch	brush	480	640	2.0	0.0	0.0	-16749727
calligraphy-v1-p1-s2-stylus-brush	d4ce0bfc-5f2d-3beb-864d-b05fd186a300	calligraphy-v1-p1	2	stylus	brush	480	640	2.0	0.0	0.0	-16749727
calligraphy-v1-p1-s3-unknown-brush	13190840-3c1c-3522-9c9f-e94ed8268967	calligraphy-v1-p1	3	unknown	brush	480	640	2.0	0.0	0.0	-16749727
calligraphy-v1-p1-s3-mouse-brush	63627a6f-8e32-37bd-a272-d40926f41cdb	calligraphy-v1-p1	3	mouse	brush	480	640	2.0	0.0	0.0	-16749727
calligraphy-v1-p1-s3-touch-brush	a268c7c3-adc8-392d-9d41-cfa0a3866f6f	calligraphy-v1-p1	3	touch	brush	480	640	2.0	0.0	0.0	-16749727
calligraphy-v1-p1-s3-stylus-brush	36503073-f064-3afa-ad7f-71c7c36d25ad	calligraphy-v1-p1	3	stylus	brush	480	640	2.0	0.0	0.0	-16749727
calligraphy-v1-p1-s4-unknown-brush	cb816a37-a075-3cd5-9c80-0aba1ce96959	calligraphy-v1-p1	4	unknown	brush	480	640	2.0	0.0	0.0	-16749727
calligraphy-v1-p1-s4-mouse-brush	9de611c3-0eef-392d-b048-35e58597a4df	calligraphy-v1-p1	4	mouse	brush	480	640	2.0	0.0	0.0	-16749727
calligraphy-v1-p1-s4-touch-brush	2d2ebf89-6421-32e5-9eed-7853cc8a9521	calligraphy-v1-p1	4	touch	brush	480	640	2.0	0.0	0.0	-16749727
calligraphy-v1-p1-s4-stylus-brush	83d96058-645b-320f-960e-1c4b32524f5b	calligraphy-v1-p1	4	stylus	brush	480	640	2.0	0.0	0.0	-16749727
calligraphy-v1-p1-s5-unknown-brush	084871ad-1d49-354b-959c-0436953c552d	calligraphy-v1-p1	5	unknown	brush	480	640	2.0	0.0	0.0	-16749727
calligraphy-v1-p1-s5-mouse-brush	d4cfe4da-8d38-3f89-ae53-3556beff6d46	calligraphy-v1-p1	5	mouse	brush	480	640	2.0	0.0	0.0	-16749727
calligraphy-v1-p1-s5-touch-brush	0b827ae1-4d07-3a55-83e4-3efc2d8b01b0	calligraphy-v1-p1	5	touch	brush	480	640	2.0	0.0	0.0	-16749727
calligraphy-v1-p1-s5-stylus-brush	660e63a7-16b8-3fe2-beb4-c00166bc98ae	calligraphy-v1-p1	5	stylus	brush	480	640	2.0	0.0	0.0	-16749727
calligraphy-v1-p1-s3-unknown-operations	6c14f9f1-78af-3790-98b1-a26cd7057cb0	calligraphy-v1-p1	3	unknown	operations	480	640	2.0	0.0	0.0	-16749727
calligraphy-v1-p1-s3-mouse-operations	34129ea1-77f2-3dbc-aacf-19b4de71ead0	calligraphy-v1-p1	3	mouse	operations	480	640	2.0	0.0	0.0	-16749727
calligraphy-v1-p1-s3-touch-operations	e86bd58b-a556-3fbd-a854-52cc81cae57f	calligraphy-v1-p1	3	touch	operations	480	640	2.0	0.0	0.0	-16749727
calligraphy-v1-p1-s3-stylus-operations	6d642817-14fc-3eef-a551-eb5654949d01	calligraphy-v1-p1	3	stylus	operations	480	640	2.0	0.0	0.0	-16749727
calligraphy-v1-p2-s0-unknown-brush	d4a40535-8fdf-30bf-8738-1842bf571307	calligraphy-v1-p2	0	unknown	brush	480	640	2.0	0.0	0.0	-16749727
calligraphy-v1-p2-s0-mouse-brush	1419f54b-12a1-33d3-80a4-d0e2e3d06429	calligraphy-v1-p2	0	mouse	brush	480	640	2.0	0.0	0.0	-16749727
calligraphy-v1-p2-s0-touch-brush	7dc9bc24-dc69-307d-9c68-5d74135666bb	calligraphy-v1-p2	0	touch	brush	480	640	2.0	0.0	0.0	-16749727
calligraphy-v1-p2-s0-stylus-brush	670dd999-e5c3-386f-b695-aad0716d17b0	calligraphy-v1-p2	0	stylus	brush	480	640	2.0	0.0	0.0	-16749727
calligraphy-v1-p2-s1-unknown-brush	81b86bf5-bedb-3ba0-8620-c64691af3e12	calligraphy-v1-p2	1	unknown	brush	480	640	2.0	0.0	0.0	-16749727
calligraphy-v1-p2-s1-mouse-brush	f82b244a-c438-3e40-98fb-2e7879d54552	calligraphy-v1-p2	1	mouse	brush	480	640	2.0	0.0	0.0	-16749727
calligraphy-v1-p2-s1-touch-brush	7a433918-04db-3f34-90f8-b76d6fc3dd63	calligraphy-v1-p2	1	touch	brush	480	640	2.0	0.0	0.0	-16749727
calligraphy-v1-p2-s1-stylus-brush	5b92dc7f-4899-3344-b558-464dc264626a	calligraphy-v1-p2	1	stylus	brush	480	640	2.0	0.0	0.0	-16749727
calligraphy-v1-p2-s2-unknown-brush	67f64625-046e-367d-ae25-645e2a1c42cd	calligraphy-v1-p2	2	unknown	brush	480	640	2.0	0.0	0.0	-16749727
calligraphy-v1-p2-s2-mouse-brush	c8d60a71-d58c-3b1c-8452-fd2fbaa84b4a	calligraphy-v1-p2	2	mouse	brush	480	640	2.0	0.0	0.0	-16749727
calligraphy-v1-p2-s2-touch-brush	a80335ca-0025-3b21-a06c-7b8b2a168130	calligraphy-v1-p2	2	touch	brush	480	640	2.0	0.0	0.0	-16749727
calligraphy-v1-p2-s2-stylus-brush	acbc12bb-a2e6-380a-8f9b-4cfba3e14c8b	calligraphy-v1-p2	2	stylus	brush	480	640	2.0	0.0	0.0	-16749727
calligraphy-v1-p2-s3-unknown-brush	3c3a5d12-371e-3493-820e-194d3ac841a9	calligraphy-v1-p2	3	unknown	brush	480	640	2.0	0.0	0.0	-16749727
calligraphy-v1-p2-s3-mouse-brush	88b826d0-68d0-3407-a9f4-c694b60b3c41	calligraphy-v1-p2	3	mouse	brush	480	640	2.0	0.0	0.0	-16749727
calligraphy-v1-p2-s3-touch-brush	70d5a8df-a789-3331-a841-a87756cdbf04	calligraphy-v1-p2	3	touch	brush	480	640	2.0	0.0	0.0	-16749727
calligraphy-v1-p2-s3-stylus-brush	0901c9d0-47d6-3f85-8ec8-d1bc5972b81b	calligraphy-v1-p2	3	stylus	brush	480	640	2.0	0.0	0.0	-16749727
calligraphy-v1-p2-s4-unknown-brush	bac130e2-9ec8-355a-a814-0dfc243fabb9	calligraphy-v1-p2	4	unknown	brush	480	640	2.0	0.0	0.0	-16749727
calligraphy-v1-p2-s4-mouse-brush	a2e21adf-8e2c-3d24-8e2e-1fb29ce8aca5	calligraphy-v1-p2	4	mouse	brush	480	640	2.0	0.0	0.0	-16749727
calligraphy-v1-p2-s4-touch-brush	af9bd915-728f-3fbf-9133-3c3c64c03d2b	calligraphy-v1-p2	4	touch	brush	480	640	2.0	0.0	0.0	-16749727
calligraphy-v1-p2-s4-stylus-brush	69b723a1-fa7c-3d9c-a0c1-efc0903de504	calligraphy-v1-p2	4	stylus	brush	480	640	2.0	0.0	0.0	-16749727
calligraphy-v1-p2-s5-unknown-brush	a8d599b9-c95f-3cc9-b047-47d41bfef7cb	calligraphy-v1-p2	5	unknown	brush	480	640	2.0	0.0	0.0	-16749727
calligraphy-v1-p2-s5-mouse-brush	3ade3b4e-869f-393f-bf81-f8bb03395701	calligraphy-v1-p2	5	mouse	brush	480	640	2.0	0.0	0.0	-16749727
calligraphy-v1-p2-s5-touch-brush	2e5d49d8-f9b2-3502-98ce-601401f38295	calligraphy-v1-p2	5	touch	brush	480	640	2.0	0.0	0.0	-16749727
calligraphy-v1-p2-s5-stylus-brush	00aea03a-bf9a-399b-8707-f96163e13bf4	calligraphy-v1-p2	5	stylus	brush	480	640	2.0	0.0	0.0	-16749727
calligraphy-v1-p2-s3-unknown-operations	f63d77ed-8bb5-38f1-b910-c662539569d5	calligraphy-v1-p2	3	unknown	operations	480	640	2.0	0.0	0.0	-16749727
calligraphy-v1-p2-s3-mouse-operations	80522320-688f-310f-9fb3-a0341cd2d05b	calligraphy-v1-p2	3	mouse	operations	480	640	2.0	0.0	0.0	-16749727
calligraphy-v1-p2-s3-touch-operations	abc1f2eb-773a-3509-98aa-262ce7be1282	calligraphy-v1-p2	3	touch	operations	480	640	2.0	0.0	0.0	-16749727
calligraphy-v1-p2-s3-stylus-operations	0e051e81-203e-3667-9019-0f3b06e960d2	calligraphy-v1-p2	3	stylus	operations	480	640	2.0	0.0	0.0	-16749727
calligraphy-v1-p3-s0-unknown-brush	001c2fc4-9278-30f8-969a-84aa27372182	calligraphy-v1-p3	0	unknown	brush	480	640	2.0	0.0	0.0	-16749727
calligraphy-v1-p3-s0-mouse-brush	23385a1b-b99d-3864-b8cc-f4914f319751	calligraphy-v1-p3	0	mouse	brush	480	640	2.0	0.0	0.0	-16749727
calligraphy-v1-p3-s0-touch-brush	373dccb4-820c-37cf-a082-378973bdd03e	calligraphy-v1-p3	0	touch	brush	480	640	2.0	0.0	0.0	-16749727
calligraphy-v1-p3-s0-stylus-brush	32e92bfd-202c-3f2c-9e2a-32d7d4c6086b	calligraphy-v1-p3	0	stylus	brush	480	640	2.0	0.0	0.0	-16749727
calligraphy-v1-p3-s1-unknown-brush	ee8ca459-863f-358a-bb25-1bd626de3c08	calligraphy-v1-p3	1	unknown	brush	480	640	2.0	0.0	0.0	-16749727
calligraphy-v1-p3-s1-mouse-brush	5f362c71-e623-3bc4-bf01-ad20e9fc4d18	calligraphy-v1-p3	1	mouse	brush	480	640	2.0	0.0	0.0	-16749727
calligraphy-v1-p3-s1-touch-brush	c4e9ecdc-1e4b-3e94-b2a1-c2d55f9361e9	calligraphy-v1-p3	1	touch	brush	480	640	2.0	0.0	0.0	-16749727
calligraphy-v1-p3-s1-stylus-brush	b460ae30-2085-30b7-9970-b0fa18a8ce71	calligraphy-v1-p3	1	stylus	brush	480	640	2.0	0.0	0.0	-16749727
calligraphy-v1-p3-s2-unknown-brush	00215c1c-0e65-346d-8d9d-a12fbb0bccd9	calligraphy-v1-p3	2	unknown	brush	480	640	2.0	0.0	0.0	-16749727
calligraphy-v1-p3-s2-mouse-brush	b1248274-fc81-30d3-ad78-0110fa5349e3	calligraphy-v1-p3	2	mouse	brush	480	640	2.0	0.0	0.0	-16749727
calligraphy-v1-p3-s2-touch-brush	3a530653-2b33-3a34-90bb-8293a90ca55c	calligraphy-v1-p3	2	touch	brush	480	640	2.0	0.0	0.0	-16749727
calligraphy-v1-p3-s2-stylus-brush	f1b308bf-5585-38ce-a091-a6d933e58cd5	calligraphy-v1-p3	2	stylus	brush	480	640	2.0	0.0	0.0	-16749727
calligraphy-v1-p3-s3-unknown-brush	49ccda73-7d59-3113-9855-e7a8b669aed5	calligraphy-v1-p3	3	unknown	brush	480	640	2.0	0.0	0.0	-16749727
calligraphy-v1-p3-s3-mouse-brush	0bc0cdc0-a9b0-3475-9381-95cc2f7bc5fc	calligraphy-v1-p3	3	mouse	brush	480	640	2.0	0.0	0.0	-16749727
calligraphy-v1-p3-s3-touch-brush	1e2cda4f-ac7b-3849-971b-66e104ecc1b3	calligraphy-v1-p3	3	touch	brush	480	640	2.0	0.0	0.0	-16749727
calligraphy-v1-p3-s3-stylus-brush	751522a3-cb12-342d-9f97-4749819ff33d	calligraphy-v1-p3	3	stylus	brush	480	640	2.0	0.0	0.0	-16749727
calligraphy-v1-p3-s4-unknown-brush	60c40195-af70-3a38-a52c-7709bf1f57b6	calligraphy-v1-p3	4	unknown	brush	480	640	2.0	0.0	0.0	-16749727
calligraphy-v1-p3-s4-mouse-brush	87ba6dc1-9bdb-39e5-8064-93696d65cb8c	calligraphy-v1-p3	4	mouse	brush	480	640	2.0	0.0	0.0	-16749727
calligraphy-v1-p3-s4-touch-brush	999ee14e-468e-3698-8c4e-a1e7133fd20c	calligraphy-v1-p3	4	touch	brush	480	640	2.0	0.0	0.0	-16749727
calligraphy-v1-p3-s4-stylus-brush	9f7d4265-e6c6-3c34-af65-e9d80312c0c2	calligraphy-v1-p3	4	stylus	brush	480	640	2.0	0.0	0.0	-16749727
calligraphy-v1-p3-s5-unknown-brush	1b6b7012-d413-3896-a5eb-f7aa7326c3aa	calligraphy-v1-p3	5	unknown	brush	480	640	2.0	0.0	0.0	-16749727
calligraphy-v1-p3-s5-mouse-brush	33745210-0dbd-3a9b-8c22-26f97ce782b7	calligraphy-v1-p3	5	mouse	brush	480	640	2.0	0.0	0.0	-16749727
calligraphy-v1-p3-s5-touch-brush	0648d510-ed05-3735-a74f-23325418cdb2	calligraphy-v1-p3	5	touch	brush	480	640	2.0	0.0	0.0	-16749727
calligraphy-v1-p3-s5-stylus-brush	3f3f7a28-aeba-32f3-b7a1-65f1d09d1564	calligraphy-v1-p3	5	stylus	brush	480	640	2.0	0.0	0.0	-16749727
calligraphy-v1-p3-s3-unknown-operations	23f41328-a85a-38e2-a9bc-899031000e9c	calligraphy-v1-p3	3	unknown	operations	480	640	2.0	0.0	0.0	-16749727
calligraphy-v1-p3-s3-mouse-operations	35342478-772d-3d19-ba72-7b0d003d9c1c	calligraphy-v1-p3	3	mouse	operations	480	640	2.0	0.0	0.0	-16749727
calligraphy-v1-p3-s3-touch-operations	37e0ed26-ad47-36c7-8225-a18c70f81a34	calligraphy-v1-p3	3	touch	operations	480	640	2.0	0.0	0.0	-16749727
calligraphy-v1-p3-s3-stylus-operations	06a623aa-6298-3c4b-a522-ca008f69893d	calligraphy-v1-p3	3	stylus	operations	480	640	2.0	0.0	0.0	-16749727
calligraphy-v1-p4-s0-unknown-brush	da63d03b-7b45-3509-af79-0119c75d9b01	calligraphy-v1-p4	0	unknown	brush	480	640	2.0	0.0	0.0	-16749727
calligraphy-v1-p4-s0-mouse-brush	0ad638ba-f61e-3948-9b58-bb1ebc48fa42	calligraphy-v1-p4	0	mouse	brush	480	640	2.0	0.0	0.0	-16749727
calligraphy-v1-p4-s0-touch-brush	e3c0d02d-13e9-32ef-8caa-90bcd1df1a40	calligraphy-v1-p4	0	touch	brush	480	640	2.0	0.0	0.0	-16749727
calligraphy-v1-p4-s0-stylus-brush	31170670-8b24-3c40-8abc-f7569b127d3d	calligraphy-v1-p4	0	stylus	brush	480	640	2.0	0.0	0.0	-16749727
calligraphy-v1-p4-s1-unknown-brush	d1166cbf-de36-396e-8d0d-f277ad68b210	calligraphy-v1-p4	1	unknown	brush	480	640	2.0	0.0	0.0	-16749727
calligraphy-v1-p4-s1-mouse-brush	224cdfed-4045-328f-aba3-e0fb3e48b884	calligraphy-v1-p4	1	mouse	brush	480	640	2.0	0.0	0.0	-16749727
calligraphy-v1-p4-s1-touch-brush	f1bf0163-60c5-36c9-a70c-af467287075e	calligraphy-v1-p4	1	touch	brush	480	640	2.0	0.0	0.0	-16749727
calligraphy-v1-p4-s1-stylus-brush	91c404bb-5a34-3cdd-b70f-303aac325fc4	calligraphy-v1-p4	1	stylus	brush	480	640	2.0	0.0	0.0	-16749727
calligraphy-v1-p4-s2-unknown-brush	031a139e-1d8c-37aa-9d24-95a9b391e732	calligraphy-v1-p4	2	unknown	brush	480	640	2.0	0.0	0.0	-16749727
calligraphy-v1-p4-s2-mouse-brush	981f51ec-3873-306f-8390-a1962ad6c02c	calligraphy-v1-p4	2	mouse	brush	480	640	2.0	0.0	0.0	-16749727
calligraphy-v1-p4-s2-touch-brush	03c3ce38-b5d6-3431-a0fa-51fa3f26ade4	calligraphy-v1-p4	2	touch	brush	480	640	2.0	0.0	0.0	-16749727
calligraphy-v1-p4-s2-stylus-brush	d15e5f27-9bd8-37e5-987e-6363124eca46	calligraphy-v1-p4	2	stylus	brush	480	640	2.0	0.0	0.0	-16749727
calligraphy-v1-p4-s3-unknown-brush	943d7500-405c-34c5-9dbd-ed9a7a3941ad	calligraphy-v1-p4	3	unknown	brush	480	640	2.0	0.0	0.0	-16749727
calligraphy-v1-p4-s3-mouse-brush	b9c84a21-cdd9-34c5-8dd8-32d358f398f3	calligraphy-v1-p4	3	mouse	brush	480	640	2.0	0.0	0.0	-16749727
calligraphy-v1-p4-s3-touch-brush	ad1d4a5e-bba3-3551-80ff-85c5292b7e15	calligraphy-v1-p4	3	touch	brush	480	640	2.0	0.0	0.0	-16749727
calligraphy-v1-p4-s3-stylus-brush	ab498838-9d76-38a3-b7ab-b178dfb1e32e	calligraphy-v1-p4	3	stylus	brush	480	640	2.0	0.0	0.0	-16749727
calligraphy-v1-p4-s4-unknown-brush	af2cde5d-2a48-328d-a418-c5316db8042b	calligraphy-v1-p4	4	unknown	brush	480	640	2.0	0.0	0.0	-16749727
calligraphy-v1-p4-s4-mouse-brush	cc3850be-c1b5-352f-97e0-cf9787bb8e25	calligraphy-v1-p4	4	mouse	brush	480	640	2.0	0.0	0.0	-16749727
calligraphy-v1-p4-s4-touch-brush	94415f67-7f2b-3a8c-8b69-f8d8edca41ab	calligraphy-v1-p4	4	touch	brush	480	640	2.0	0.0	0.0	-16749727
calligraphy-v1-p4-s4-stylus-brush	19b33c65-fbb7-3154-8a88-26e6ad3ccbcd	calligraphy-v1-p4	4	stylus	brush	480	640	2.0	0.0	0.0	-16749727
calligraphy-v1-p4-s5-unknown-brush	fd8dac83-7c5c-3b79-90d8-81d977b058e7	calligraphy-v1-p4	5	unknown	brush	480	640	2.0	0.0	0.0	-16749727
calligraphy-v1-p4-s5-mouse-brush	00b291a6-edc5-339b-8e52-c858a5ae5dc4	calligraphy-v1-p4	5	mouse	brush	480	640	2.0	0.0	0.0	-16749727
calligraphy-v1-p4-s5-touch-brush	934eab9e-f6c5-3596-b24b-115a6fa05bf3	calligraphy-v1-p4	5	touch	brush	480	640	2.0	0.0	0.0	-16749727
calligraphy-v1-p4-s5-stylus-brush	1a826da1-f192-3c97-ab0f-f0782b53f84d	calligraphy-v1-p4	5	stylus	brush	480	640	2.0	0.0	0.0	-16749727
calligraphy-v1-p4-s3-unknown-operations	877de61d-43e5-3bf7-ab7d-72f1c25b4f4b	calligraphy-v1-p4	3	unknown	operations	480	640	2.0	0.0	0.0	-16749727
calligraphy-v1-p4-s3-mouse-operations	47cd6d0b-ae54-3b41-8a0c-9798dac8c54b	calligraphy-v1-p4	3	mouse	operations	480	640	2.0	0.0	0.0	-16749727
calligraphy-v1-p4-s3-touch-operations	a4502156-14f9-3fd3-8423-84edf55db23a	calligraphy-v1-p4	3	touch	operations	480	640	2.0	0.0	0.0	-16749727
calligraphy-v1-p4-s3-stylus-operations	96ef1ce2-7789-3f35-9eaf-89af0493e05e	calligraphy-v1-p4	3	stylus	operations	480	640	2.0	0.0	0.0	-16749727
calligraphy-v1-p5-s0-unknown-brush	901bace4-8446-35f4-8c97-342711e8f81b	calligraphy-v1-p5	0	unknown	brush	480	640	2.0	0.0	0.0	-16749727
calligraphy-v1-p5-s0-mouse-brush	1a195a64-6ce2-32f8-b199-6b2d1af1c911	calligraphy-v1-p5	0	mouse	brush	480	640	2.0	0.0	0.0	-16749727
calligraphy-v1-p5-s0-touch-brush	351ade85-4c69-377f-aaae-85d5ab6cd6ad	calligraphy-v1-p5	0	touch	brush	480	640	2.0	0.0	0.0	-16749727
calligraphy-v1-p5-s0-stylus-brush	0f60c5a0-a860-314f-9a65-f62d067d6285	calligraphy-v1-p5	0	stylus	brush	480	640	2.0	0.0	0.0	-16749727
calligraphy-v1-p5-s1-unknown-brush	16632986-6e6f-3abc-a181-3b9f31a05d2e	calligraphy-v1-p5	1	unknown	brush	480	640	2.0	0.0	0.0	-16749727
calligraphy-v1-p5-s1-mouse-brush	c934cbdc-af4c-3239-b708-91535eecdbd0	calligraphy-v1-p5	1	mouse	brush	480	640	2.0	0.0	0.0	-16749727
calligraphy-v1-p5-s1-touch-brush	5680eb95-ae37-3808-a464-933cba85a04f	calligraphy-v1-p5	1	touch	brush	480	640	2.0	0.0	0.0	-16749727
calligraphy-v1-p5-s1-stylus-brush	a86aaf71-bf5d-3d6e-8289-db5709376731	calligraphy-v1-p5	1	stylus	brush	480	640	2.0	0.0	0.0	-16749727
calligraphy-v1-p5-s2-unknown-brush	e7237836-baa8-39b9-8f9d-afff2758ee54	calligraphy-v1-p5	2	unknown	brush	480	640	2.0	0.0	0.0	-16749727
calligraphy-v1-p5-s2-mouse-brush	f2ecfece-6c00-3c33-8a56-d925c1a3e4bb	calligraphy-v1-p5	2	mouse	brush	480	640	2.0	0.0	0.0	-16749727
calligraphy-v1-p5-s2-touch-brush	5414e6fd-91cf-362b-961c-26da13b1e24a	calligraphy-v1-p5	2	touch	brush	480	640	2.0	0.0	0.0	-16749727
calligraphy-v1-p5-s2-stylus-brush	87230aee-d06e-3066-ae12-46573ab5041b	calligraphy-v1-p5	2	stylus	brush	480	640	2.0	0.0	0.0	-16749727
calligraphy-v1-p5-s3-unknown-brush	be704496-5230-32c9-b962-a2793c040ce1	calligraphy-v1-p5	3	unknown	brush	480	640	2.0	0.0	0.0	-16749727
calligraphy-v1-p5-s3-mouse-brush	fe70f108-a677-309d-8700-37b98791805d	calligraphy-v1-p5	3	mouse	brush	480	640	2.0	0.0	0.0	-16749727
calligraphy-v1-p5-s3-touch-brush	61306ece-1645-300b-9717-cff4f5c573eb	calligraphy-v1-p5	3	touch	brush	480	640	2.0	0.0	0.0	-16749727
calligraphy-v1-p5-s3-stylus-brush	f99a5847-f344-322a-964a-ad82ccc8369c	calligraphy-v1-p5	3	stylus	brush	480	640	2.0	0.0	0.0	-16749727
calligraphy-v1-p5-s4-unknown-brush	2234469c-240e-3ce1-b699-582928b258a5	calligraphy-v1-p5	4	unknown	brush	480	640	2.0	0.0	0.0	-16749727
calligraphy-v1-p5-s4-mouse-brush	d7e95922-b920-3b9a-ad4f-6cdb80213f43	calligraphy-v1-p5	4	mouse	brush	480	640	2.0	0.0	0.0	-16749727
calligraphy-v1-p5-s4-touch-brush	57816c2a-35da-3d7e-b589-4b70a1e32558	calligraphy-v1-p5	4	touch	brush	480	640	2.0	0.0	0.0	-16749727
calligraphy-v1-p5-s4-stylus-brush	1390ea21-dcb2-34fb-810d-7b23e6ea204b	calligraphy-v1-p5	4	stylus	brush	480	640	2.0	0.0	0.0	-16749727
calligraphy-v1-p5-s5-unknown-brush	bf048bc7-f208-3617-a98c-97c2bc24a710	calligraphy-v1-p5	5	unknown	brush	480	640	2.0	0.0	0.0	-16749727
calligraphy-v1-p5-s5-mouse-brush	ace4c27e-c132-352d-8d15-10b71116f044	calligraphy-v1-p5	5	mouse	brush	480	640	2.0	0.0	0.0	-16749727
calligraphy-v1-p5-s5-touch-brush	4959f527-ce59-375f-949f-cec6a1be48e6	calligraphy-v1-p5	5	touch	brush	480	640	2.0	0.0	0.0	-16749727
calligraphy-v1-p5-s5-stylus-brush	3917ea48-8bc2-318a-b089-bd8d2d1c6db6	calligraphy-v1-p5	5	stylus	brush	480	640	2.0	0.0	0.0	-16749727
calligraphy-v1-p5-s3-unknown-operations	d754f67c-9e3d-3c07-9ba8-4ae17c502bc0	calligraphy-v1-p5	3	unknown	operations	480	640	2.0	0.0	0.0	-16749727
calligraphy-v1-p5-s3-mouse-operations	4da313f2-6b0a-3898-b32c-505df544d9fb	calligraphy-v1-p5	3	mouse	operations	480	640	2.0	0.0	0.0	-16749727
calligraphy-v1-p5-s3-touch-operations	d5661eb8-0e2b-313a-b0ee-91914a9f9f2a	calligraphy-v1-p5	3	touch	operations	480	640	2.0	0.0	0.0	-16749727
calligraphy-v1-p5-s3-stylus-operations	94f79272-fdee-3fd6-aaec-b4c35aa5cd75	calligraphy-v1-p5	3	stylus	operations	480	640	2.0	0.0	0.0	-16749727
